Category;Search For;Return
Gender;;Unisex
Gender;man;Men
Gender;woman;Women
Gender;lady;Women
Gender;woman;Women
Gender;lady;Women
Gender;lady;Women
Gender;boy;Kids
Gender;girl;Kids
Branded_generic;;Generic
Branded_generic;adidas;Branded
Branded_generic;originals;Branded
Branded_generic;sportswear;Branded
Branded_generic;terrex;Branded
Branded_generic;stella;Branded
Branded_generic;mccartney;Branded
Branded_generic;stella mccartney;Branded
Branded_generic;five ten;Branded
Branded_generic;boost;Branded
Branded_generic;continental;Branded
Branded_generic;primeknit;Branded
Branded_generic;bounce;Branded
Branded_generic;lightstrike;Branded
Branded_generic;cloudfoam;Branded
Branded_generic;traxion;Branded
Branded_generic;gore tex;Branded
Branded_generic;stealth;Branded
Branded_generic;ortholite;Branded
Branded_generic;cold rdy;Branded
Branded_generic;rdy cold;Branded
Branded_generic;4d;Branded
Branded_generic;rain.rdy;Branded
Branded_generic;rain.rdy;Branded
Branded_generic;heat.rdy;Branded
Branded_generic;heat.rdy;Branded
Branded_generic;lightmotion;Branded
Branded_generic;torsion;Branded
Branded_generic;summer.rdy;Branded
Branded_generic;summer.rdy;Branded
Branded_generic;aeroready;Branded
Branded_generic;aero ready;Branded
Branded_generic;wind.rdy;Branded
Branded_generic;wind rdy;Branded
Branded_generic;fitfoam;Branded
Branded_generic;twist system;Branded
Branded_generic;twistgrip;Branded
Branded_generic;adiprene;Branded
Branded_generic;primaloft;Branded
Branded_generic;adituff;Branded
Branded_generic;adiwear;Branded
Branded_generic;formotion;Branded
Branded_generic;adifit;Branded
Branded_generic;loadspring;Branded
Branded_generic;techfit;Branded
Branded_generic;aeroknit;Branded
Branded_generic;climawarm;Branded
Branded_generic;classics;Branded
Branded_generic;forum;Branded
Branded_generic;climawarm;Branded
Branded_generic;rdy;Branded
Branded_generic;essentials;Branded
Branded_generic;nizza;Branded
Branded_generic;duramo;Branded
Branded_generic;hoops;Branded
Branded_generic;parley;Branded
Branded_generic;campus;Branded
Branded_generic;harden;Branded
Branded_generic;graphics;Branded
Branded_generic;profi basket;Branded
Branded_generic;lillard;Branded
Branded_generic;activewear;Branded
Branded_generic;designed4training;Branded
Branded_generic;disney;Branded
Branded_generic;top ten;Branded
Branded_generic;man-made;Branded
Branded_generic;rivalry;Branded
Branded_generic;vrct;Branded
Branded_generic;xplr;Branded
Branded_generic;american;Branded
Branded_generic;don;Branded
Branded_generic;icon;Branded
Branded_generic;pharrell;Branded
Branded_generic;d rose;Branded
Branded_generic;star wars;Branded
Branded_generic;terrex agravic;Branded
Branded_generic;clover;Branded
Branded_generic;superstar;Branded
Branded_generic;zx;Branded
Branded_generic;ultraboost;Branded
Branded_generic;ultraboost;Branded
Branded_generic;stan smith;Branded
Branded_generic;nmd;Branded
Branded_generic;predator;Branded
Branded_generic;adilette;Branded
Branded_generic;ozweego;Branded
Branded_generic;adizero;Branded
Branded_generic;terrex speed;Branded
Branded_generic;continental80;Branded
Branded_generic;cup;Branded
Branded_generic;forta;Branded
Branded_generic;rapida;Branded
Branded_generic;nemeziz;Branded
Branded_generic;nemeziz messi;Branded
Branded_generic;solar;Branded
Branded_generic;gazelle;Branded
Branded_generic;terrace;Branded
Branded_generic;supercourt;Branded
Branded_generic;sl20;Branded
Branded_generic;advantage;Branded
Branded_generic;supernova;Branded
Branded_generic;x9000;Branded
Branded_generic;terrex free hiker;Branded
Branded_generic;terrex swift;Branded
Branded_generic;lite racer;Branded
Branded_generic;ny 90;Branded
Branded_generic;terrex ax;Branded
Branded_generic;five ten freerider;Branded
Branded_generic;swift;Branded
Branded_generic;samba;Branded
Branded_generic;yung series;Branded
Branded_generic;high;Branded
Branded_generic;terrex two;Branded
Branded_generic;elegant;Branded
Branded_generic;weather collection;Branded
Branded_generic;five ten sleuth;Branded
Branded_generic;five ten trailcross;Branded
Branded_generic;myshelter;Branded
Branded_generic;powerlift;Branded
Branded_generic;adipower;Branded
Branded_generic;adi power;Branded
Branded_generic;adicolor;Branded
Branded_generic;adi color;Branded
Branded_generic;ryv;Branded
Branded_generic;aop pack;Branded
Branded_generic;injection pack;Branded
Branded_generic;what you must have;Branded
Branded_generic;sprt;Branded
Branded_generic;aop;Branded
Branded_generic;bellista;Branded
Branded_generic;for her;Branded
Branded_generic;zne;Branded
Branded_generic;clover moments;Branded
Branded_generic;beckenbauer;Branded
Branded_generic;fakten;Branded
Branded_generic;blue version;Branded
Branded_generic;adicross;Branded
Branded_generic;adi cross;Branded
Branded_generic;teamwear;Branded
Branded_generic;answer;Branded
Branded_generic;adilette collection;Branded
Branded_generic;3 stripes;Branded
Branded_generic;marvel;Branded
Branded_generic;princess;Branded
Branded_generic;spiderman;Branded
Branded_generic;shooting;Branded
Branded_generic;amphi;Branded
Branded_generic;the mandalorian;Branded
Branded_generic;terrex skychaser;Branded
Branded_generic;xploric;Branded
Branded_generic;captain toey;Branded
Branded_generic;parley collection;Branded
Branded_generic;kakari;Branded
Branded_generic;rugby predator;Branded
Branded_generic;pureboost;Branded
Branded_generic;pureboost;Branded
Branded_generic;qt;Branded
Branded_generic;stella mccartney inspired;Branded
Branded_generic;focus;Branded
Branded_generic;questar;Branded
Branded_generic;alphabounce;Branded
Branded_generic;alpha bounce;Branded
Branded_generic;edge;Branded
Branded_generic;alphaedge;Branded
Branded_generic;alpha edge;Branded
Branded_generic;energyboost;Branded
Branded_generic;energy boost;Branded
Branded_generic;purebounce +;Branded
Branded_generic;purebounce;Branded
Branded_generic;purebounce;Branded
Branded_generic;senseboost;Branded
Branded_generic;senseboost;Branded
Branded_generic;tango;Branded
Branded_generic;spezial;Branded
Branded_generic;crazyflight;Branded
Branded_generic;busenitz;Branded
Branded_generic;stabil shoes;Branded
Branded_generic;barricade;Branded
Branded_generic;courtset;Branded
Branded_generic;stycon;Branded
Branded_generic;friends & family;Branded
Branded_generic;daily specials;Branded
Branded_generic;five ten hiangle;Branded
Branded_generic;five ten niad;Branded
Branded_generic;tour 360;Branded
Branded_generic;eqt;Branded
Branded_generic;zg21;Branded
Branded_generic;s2g;Branded
Branded_generic;adipure;Branded
Branded_generic;vl court;Branded
Branded_generic;geodiver;Branded
Branded_generic;nite jogger;Branded
Branded_generic;track & field running;Branded
Branded_generic;3mc;Branded
Branded_generic;delpala;Branded
Topic;cleats;accessories
Topic;road jersey;t-shirts and tops
Topic;windbreaker;cycling jackets
Topic;vest;gilet
Topic;jacket*cycling*mountain*jacket;mountain biking jackets
Topic;jacket*mountain*bike;mountain biking jackets
Topic;jacket*mountain*bike;mountain biking jackets
Topic;jacket*mountain*bike*jacket;mountain biking jackets
Delete;m:part;Delete
Delete;macgregor;Delete
Delete;macron;Delete
Delete;madison;Delete
Delete;magic bodyfashion;Delete
Delete;magic the gathering;Delete
Delete;maidenform;Delete
Delete;maison;Delete
Delete;maison de nimes;Delete
Delete;maison lejaby;Delete
Delete;maisto;Delete
Delete;makura;Delete
Delete;malibu;Delete
Delete;malik;Delete
Delete;mamalicious;Delete
Delete;nacon;Delete
Delete;na-kd;Delete
Delete;nude;Delete
Delete;nalgene;Delete
Delete;company name;Delete
Delete;namedsport;Delete
Delete;nancy ganz;Delete
Delete;nanoblock;Delete
Delete;oasis;Delete
Delete;pacific ocean;Delete
Delete;officer;Delete
Delete;old spice;Delete
Delete;padamo;Delete
Delete;paint sticks;Delete
Delete;panasonic;Delete
Delete;panini;Delete
Delete;pantone;Delete
Delete;paoletti;Delete
Delete;parallax;Delete
Delete;part two;Delete
Delete;partymor;Delete
Delete;patrick;Delete
Delete;patrizia pepe;Delete
Delete;paul and shark sport;Delete
Delete;paul edward;Delete
Delete;paw patrol;Delete
Delete;payntr;Delete
Delete;pdp;Delete
Delete;pearl izumi;Delete
Delete;rachel zoe;Delete
Delete;racktime;Delete
Delete;rag and bone;Delete
Delete;raging bull sport;Delete
Delete;raleigh;Delete
Delete;rambo;Delete
Delete;ravenhead;Delete
Delete;razer;Delete
Delete;rcr;Delete
Delete;sabichi;Delete
Delete;sahara;Delete
Delete;salewa;Delete
Delete;salming;Delete
Delete;salomon;Delete
Delete;saloni;Delete
Delete;samsoe and samsoe;Delete
Delete;samsung;Delete
Delete;samurai;Delete
Delete;sanderson;Delete
Delete;sandisk;Delete
Delete;sandwich;Delete
Delete;sarah jessica parker;Delete
Delete;saucony;Delete
Delete;savanna;Delete
Delete;saville row;Delete
Delete;scalextric;Delete
Delete;scarpa;Delete
Delete;schildkrot;Delete
Delete;schlaraffenland;Delete
Delete;schneider;Delete
Delete;tadge goods;Delete
Delete;take 2;Delete
Delete;take off;Delete
Delete;talulah;Delete
Delete;tamagotchi;Delete
Delete;tapedesign;Delete
Delete;tapout;Delete
Delete;tatonka;Delete
Delete;taylormade;Delete
Delete;t-dagger;Delete
Delete;excel equipment;Delete
Delete;tecnifibre;Delete
Delete;tefal;Delete
Delete;tekna;Delete
Delete;temerity jones;Delete
Delete;u and i entertainment;Delete
Delete;u+i;Delete
Delete;ubisoft;Delete
Delete;ucla;Delete
Delete;uefa;Delete
Delete;uglies;Delete
Delete;valentino garavani;Delete
Delete;velvet by graham and spencer;Delete
Delete;poison;Delete
Delete;vera cova;Delete
Delete;wagging tail;Delete
Delete;wahl;Delete
Delete;waikoa;Delete
Delete;wales rugby;Delete
Delete;warner brothers;Delete
Delete;warrior;Delete
Delete;watercult;Delete
Delete;wax lyrical;Delete
Delete;yaktrax;Delete
Delete;zanussi;Delete
Delete;zefal;Delete
Delete;ziener;Delete
Delete;aeropostale;Delete
Delete;aftershokz;Delete
Delete;ag denim womens;Delete
Delete;ag jeans;Delete
Delete;agility;Delete
Delete;air jordan;Delete
Delete;airfix;Delete
Delete;airowear;Delete
Delete;airwalk;Delete
Delete;aladdin;Delete
Delete;albam utility;Delete
Delete;albion;Delete
Delete;alexander rose;Delete
Delete;almond street;Delete
Delete;alpina;Delete
Delete;altitude;Delete
Delete;always rare;Delete
Delete;baumler;Delete
Delete;bbb;Delete
Delete;bbq collection;Delete
Delete;bcbg;Delete
Delete;beats by dr dre;Delete
Delete;beckham;Delete
Delete;bedhead;Delete
Delete;bedlam;Delete
Delete;behrens;Delete
Delete;beldray;Delete
Delete;belkin;Delete
Delete;bella dahl;Delete
Delete;bellwether;Delete
Delete;ben sherman;Delete
Delete;bank;Delete
Delete;benetton;Delete
Delete;benross;Delete
Delete;berghaus;Delete
Delete;berghoff;Delete
Delete;berndes;Delete
Delete;berwin and berwin;Delete
Delete;sports charter;Delete
Delete;castle point;Delete
Delete;castore;Delete
Delete;cateye;Delete
Delete;cath kidston;Delete
Delete;cavallo;Delete
Delete;challenge;Delete
Delete;chantelle;Delete
Delete;character;Delete
Delete;char-broil;Delete
Delete;charles owen;Delete
Delete;charnos;Delete
Delete;chatham;Delete
Delete;cheap monday;Delete
Delete;chef's helper;Delete
Delete;chillaz;Delete
Delete;dc comics;Delete
Delete;dead legacy;Delete
Delete;deeper;Delete
Delete;delsey;Delete
Delete;descent;Delete
Delete;destiny;Delete
Delete;dexam;Delete
Delete;deyongs;Delete
Delete;dfns;Delete
Delete;diadora;Delete
Delete;diadora lifestyle;Delete
Delete;ed hardy;Delete
Delete;eddy toys;Delete
Delete;eden park;Delete
Delete;eisbar;Delete
Delete;elbeo;Delete
Delete;elise and clemence;Delete
Delete;elite;Delete
Delete;feber;Delete
Delete;fellowes;Delete
Delete;vallista;Delete
Delete;ferrari;Delete
Delete;festive;Delete
Delete;fifa;Delete
Delete;figleaves;Delete
Delete;row;Delete
Delete;final fantasy;Delete
Delete;fine linen;Delete
Delete;fingerlings;Delete
Delete;finish line;Delete
Delete;firetrap;Delete
Delete;george foreman;Delete
Delete;george wilkinson;Delete
Delete;gfs;Delete
Delete;gh bass;Delete
Delete;gift;Delete
Delete;gift republic;Delete
Delete;gilbert;Delete
Delete;gillette;Delete
Delete;ginger fox;Delete
Delete;ginia;Delete
Delete;gio goi;Delete
Delete;giorgio;Delete
Delete;harrod;Delete
Delete;harrows;Delete
Delete;harry brown;Delete
Delete;harry potter;Delete
Delete;hasbro;Delete
Delete;havaianas;Delete
Delete;havex machines;Delete
Delete;hay set;Delete
Delete;head;Delete
Delete;head over heels;Delete
Delete;heartnetball;Delete
Delete;hebie;Delete
Delete;hedgren;Delete
Delete;heidi klum;Delete
Delete;heidi klum intimates;Delete
Delete;helen moore;Delete
Delete;incase;Delete
Delete;innovations;Delete
Delete;inside;Delete
Delete;intempo;Delete
Delete;interplay;Delete
Delete;intex;Delete
Delete;jdy;Delete
Delete;jeans intelligence;Delete
Delete;jeep;Delete
Delete;jeffrey campbell;Delete
Delete;jessica wright;Delete
Delete;jet black;Delete
Delete;jigsaw;Delete
Delete;jill jill stuart;Delete
Delete;generation scorned;Delete
Delete;karrimor;Delete
Delete;kate spade new york;Delete
Delete;katie alice;Delete
Delete;katy perry;Delete
Delete;remember;Delete
Delete;kenneth cole;Delete
Delete;kensie;Delete
Delete;kensington;Delete
Delete;kevlar;Delete
Delete;kickers;Delete
Delete;lee cooper;Delete
Delete;lego;Delete
Delete;lego wear;Delete
Delete;leinster;Delete
Delete;lemieux;Delete
Delete;lenovo;Delete
Delete;leovet;Delete
Delete;lepel;Delete
Delete;level 1;Delete
Delete;lexon;Delete
Delete;libertinage libertinage;Delete
Delete;life venture;Delete
Delete;lifesystems;Delete
Delete;garden for life;Delete
Delete;light and shadow;Delete
Delete;mambo;Delete
Delete;mammoth;Delete
Delete;mane and tail;Delete
Delete;marc aurel;Delete
Delete;marc by marc jacobs;Delete
Delete;marc new york;Delete
Delete;marc o polo;Delete
Delete;marie claire;Delete
Delete;marina;Delete
Delete;markwins;Delete
Delete;marley;Delete
Delete;marmot;Delete
Delete;mars;Delete
Delete;marshall artist;Delete
Delete;maru;Delete
Delete;marvel;Delete
Delete;maserati;Delete
Delete;mason cash;Delete
Delete;masuri;Delete
Delete;material girl;Delete
Delete;mattel;Delete
Delete;national;Delete
Delete;national geographic;Delete
Delete;native youth;Delete
Delete;nautica;Delete
Delete;nba;Delete
Delete;nerf;Delete
Delete;net1;Delete
Delete;nettex;Delete
Delete;nevica;Delete
Delete;new balance;Delete
Delete;ollie and nic;Delete
Delete;omron;Delete
Delete;oneill;Delete
Delete;oneills;Delete
Delete;onguard;Delete
Delete;peeroton;Delete
Delete;penfield;Delete
Delete;penny;Delete
Delete;people tree;Delete
Delete;pepe jeans;Delete
Delete;peppa pig;Delete
Delete;percale;Delete
Delete;person;Delete
Delete;peruzzo;Delete
Delete;pet brands;Delete
Delete;petit collage;Delete
Delete;pettifers;Delete
Delete;petzl;Delete
Delete;pga tour;Delete
Delete;phase eight;Delete
Delete;phd;Delete
Delete;philips;Delete
Delete;philosophy;Delete
Delete;readers;Delete
Delete;reciprocity;Delete
Delete;red bull;Delete
Delete;red5;Delete
Delete;reebok;Delete
Delete;reflex;Delete
Delete;regatta;Delete
Delete;religion;Delete
Delete;remington;Delete
Delete;requirement;Delete
Delete;reusch;Delete
Delete;disclosure;Delete
Delete;schwalbe;Delete
Delete;schwarzkopf;Delete
Delete;schwinn;Delete
Delete;sci-botz;Delete
Delete;mad science;Delete
Delete;score draw;Delete
Delete;se sports equipment;Delete
Delete;seafolly;Delete
Delete;seagate;Delete
Delete;second woman;Delete
Delete;selected femme;Delete
Delete;selected homme;Delete
Delete;selle royal;Delete
Delete;sennheiser;Delete
Delete;serene;Delete
Delete;sergio grasso;Delete
Delete;sergio tacchini;Delete
Delete;sesame street;Delete
Delete;sessun;Delete
Delete;seven summits;Delete
Delete;shakespeare;Delete
Delete;shaq;Delete
Delete;sherlock;Delete
Delete;shimano;Delete
Delete;shock absorber;Delete
Delete;doctor of shock absorption;Delete
Delete;tempest original;Delete
Delete;terra nova;Delete
Delete;tfnc;Delete
Delete;the order of the east;Delete
Delete;the flower patch;Delete
Delete;the last of us;Delete
Delete;the flax consultancy;Delete
Delete;the lyndon company;Delete
Delete;the outdoor living company;Delete
Delete;the glitter;Delete
Delete;the soft bedding company;Delete
Delete;the spirit of christmas;Delete
Delete;the wentworth design house;Delete
Delete;thebalm;Delete
Delete;theory;Delete
Delete;theragun;Delete
Delete;therapy;Delete
Delete;ugly dolls;Delete
Delete;uhlsport;Delete
Delete;ultra clean;Delete
Delete;ultra sport;Delete
Delete;ultralight;Delete
Delete;umbro;Delete
Delete;veredus;Delete
Delete;vero moda;Delete
Delete;versace;Delete
Delete;verte vallee;Delete
Delete;victoria victoria beckham;Delete
Delete;victorias secret;Delete
Delete;weatherbeeta;Delete
Delete;weber;Delete
Delete;wella;Delete
Delete;wentworth;Delete
Delete;wessex;Delete
Delete;westend by simon carter;Delete
Delete;wetbrush;Delete
Delete;yes chef;Delete
Delete;yes studio;Delete
Delete;zodiac;Delete
Delete;zoe karssen;Delete
Delete;ambrosia;Delete
Delete;american crew;Delete
Delete;american tourister;Delete
Delete;friend;Delete
Delete;amy childs;Delete
Delete;y1;Delete
Delete;anderton;Delete
Delete;anita;Delete
Delete;ann summers;Delete
Delete;anne michelle;Delete
Delete;other label;Delete
Delete;antony morato;Delete
Delete;appletree;Delete
Delete;appletree boutique;Delete
Delete;appletree signature;Delete
Delete;applied nutrition;Delete
Delete;bestway;Delete
Delete;bethesda softworks;Delete
Delete;big potato games;Delete
Delete;bikkembergs;Delete
Delete;billieblush;Delete
Delete;bioworld;Delete
Delete;birgitte herskind;Delete
Delete;black and blum;Delete
Delete;black and decker;Delete
Delete;black diamond;Delete
Delete;black widow;Delete
Delete;blake seven;Delete
Delete;blazer pro;Delete
Delete;blenheim;Delete
Delete;blizzard;Delete
Delete;blk;Delete
Delete;blockbuster;Delete
Delete;blomus;Delete
Delete;blood brother;Delete
Delete;blooming and blossom;Delete
Delete;bloomingville;Delete
Delete;lollipops;Delete
Delete;churches;Delete
Delete;ci games;Delete
Delete;cyclo sport;Delete
Delete;ciesse piumini;Delete
Delete;clairol;Delete
Delete;claremont;Delete
Delete;classic sportswear;Delete
Delete;clementoni;Delete
Delete;cleveland;Delete
Delete;clip fresh;Delete
Delete;club petz;Delete
Delete;cmeo;Delete
Delete;cocomelon;Delete
Delete;codemasters;Delete
Delete;cole haan;Delete
Delete;coleman;Delete
Delete;coll tex;Delete
Delete;diamond supply co;Delete
Delete;dickins and jones;Delete
Delete;difuzed;Delete
Delete;discovery adventures;Delete
Delete;disney;Delete
Delete;disney princess;Delete
Delete;dl1961;Delete
Delete;do more every day;Delete
Delete;donna karan;Delete
Delete;eliza j;Delete
Delete;elle macpherson body;Delete
Delete;elms marketing;Delete
Delete;emerica;Delete
Delete;emily bond;Delete
Delete;energizer;Delete
Delete;england cricket;Delete
Delete;equetech;Delete
Delete;fischer;Delete
Delete;fisher price;Delete
Delete;florida mutineers;Delete
Delete;flr;Delete
Delete;flyer;Delete
Delete;flynt;Delete
Delete;foamex;Delete
Delete;footbalance;Delete
Delete;football manager;Delete
Delete;footjoy;Delete
Delete;gioteck;Delete
Delete;g-lab;Delete
Delete;glamour;Delete
Delete;global;Delete
Delete;global herbs;Delete
Delete;globber;Delete
Delete;globe;Delete
Delete;travel;Delete
Delete;golddigga;Delete
Delete;golds gym;Delete
Delete;helly hansen;Delete
Delete;henri lloyd;Delete
Delete;heritage;Delete
Delete;hermann;Delete
Delete;brother;Delete
Delete;herschel;Delete
Delete;hexbug;Delete
Delete;hey duggee;Delete
Delete;hgl;Delete
Delete;hi tec;Delete
Delete;high street tv;Delete
Delete;highland;Delete
Delete;hilden;Delete
Delete;hill and noble;Delete
Delete;iron fist;Delete
Delete;iron man;Delete
Delete;iron mountain;Delete
Delete;jml;Delete
Delete;joe boxer;Delete
Delete;joes jeans;Delete
Delete;johanna basford;Delete
Delete;john whitaker;Delete
Delete;joker;Delete
Delete;jolie moi;Delete
Delete;jonathan aston;Delete
Delete;jonathon charles;Delete
Delete;kiefer;Delete
Delete;kilner;Delete
Delete;kincade;Delete
Delete;kings will dream;Delete
Delete;kingsland;Delete
Delete;kinzo;Delete
Delete;kipling;Delete
Delete;kjus;Delete
Delete;kmc;Delete
Delete;light and shade purse;Delete
Delete;light and shade pretty woman;Delete
Delete;likit;Delete
Delete;limited sports;Delete
Delete;lincoln;Delete
Delete;linen and lace;Delete
Delete;lipault;Delete
Delete;liquiproof;Delete
Delete;little dickins and jones;Delete
Delete;little housewife;Delete
Delete;littlest pet shop;Delete
Delete;liu jo;Delete
Delete;livall;Delete
Delete;maver;Delete
Delete;maxfli;Delete
Delete;maxx raxx;Delete
Delete;maxxis;Delete
Delete;mc keever;Delete
Delete;mega bloks;Delete
Delete;mega value;Delete
Delete;meglaze;Delete
Delete;melissa;Delete
Delete;mercedes benz;Delete
Delete;merrell;Delete
Delete;mft;Delete
Delete;michael michael kors;Delete
Delete;michael phelps;Delete
Delete;microsoft;Delete
Delete;mightymast;Delete
Delete;mikasa;Delete
Delete;new era;Delete
Delete;nfl;Delete
Delete;nhl;Delete
Delete;nicole scherzinger;Delete
Delete;nike;Delete
Delete;nikwax;Delete
Delete;nimes;Delete
Delete;ninja;Delete
Delete;nintendo;Delete
Delete;nioxin;Delete
Delete;solo and kids;Delete
Delete;just play;Delete
Delete;oofos;Delete
Delete;opi;Delete
Delete;opro;Delete
Delete;pierre cardin;Delete
Delete;pinnacle;Delete
Delete;pioneer;Delete
Delete;pj mask;Delete
Delete;playboy;Delete
Delete;play-doh;Delete
Delete;playerlayer;Delete
Delete;playermaker;Delete
Delete;playmobil;Delete
Delete;playseat;Delete
Delete;playstation;Delete
Delete;ply tech;Delete
Delete;revlon;Delete
Delete;reydon;Delete
Delete;rfu;Delete
Delete;rhino;Delete
Delete;ridge 53;Delete
Delete;ridgemonkey;Delete
Delete;ridleys;Delete
Delete;riley;Delete
Delete;ript;Delete
Delete;riverdale;Delete
Delete;robert fredrick;Delete
Delete;robinson animal healthcare;Delete
Delete;robinsons;Delete
Delete;shrey;Delete
Delete;sian marie;Delete
Delete;sidewalk sport;Delete
Delete;sigma;Delete
Delete;silstar;Delete
Delete;silverlit;Delete
Delete;simon carter;Delete
Delete;sistaglam;Delete
Delete;system;Delete
Delete;sixsixone;Delete
Delete;skechers;Delete
Delete;skechers lifestyle;Delete
Delete;skins;Delete
Delete;sklz;Delete
Delete;skopes;Delete
Delete;sks;Delete
Delete;skull candy;Delete
Delete;skycaddie;Delete
Delete;slazenger;Delete
Delete;slazenger banger;Delete
Delete;sleep well live well;Delete
Delete;slydes;Delete
Delete;smart choice;Delete
Delete;snickers;Delete
Delete;sofie schnoor;Delete
Delete;therapy in london;Delete
Delete;theya healthcare;Delete
Delete;thomas and friends;Delete
Delete;thomas royall;Delete
Delete;thorlos;Delete
Delete;threadbare;Delete
Delete;tiger tail;Delete
Delete;tigi;Delete
Delete;timex;Delete
Delete;titleist;Delete
Delete;tog 24;Delete
Delete;tom smith;Delete
Delete;tommy sport;Delete
Delete;tomy;Delete
Delete;unbranded;Delete
Delete;uncut;Delete